statistic,value
count,10000.0
mean,42.715702
std,97.94748500665602
min,0.0
25%,11.99
50%,19.95
75%,35.99
max,2762.31
